model,Acorn,Date,Conso_kWh_predict
ridge,ACORN-E,2014-01-13,12.436521976350743
ridge,ACORN-E,2014-01-14,12.044490146379855
ridge,ACORN-E,2014-01-15,11.81934850100773
ridge,ACORN-E,2014-01-16,11.645198491598553
ridge,ACORN-E,2014-01-17,11.76073331644119
ridge,ACORN-E,2014-01-18,11.99275054674638
ridge,ACORN-E,2014-01-19,12.24191621541702
ridge,ACORN-E,2014-01-20,11.63214976888165
ridge,ACORN-E,2014-01-21,11.446923247523111
ridge,ACORN-E,2014-01-22,11.280648015594917
ridge,ACORN-E,2014-01-23,11.364466482147582
ridge,ACORN-E,2014-01-24,11.478390403152966
ridge,ACORN-E,2014-01-25,11.62013660004659
ridge,ACORN-E,2014-01-26,12.03090552953276
ridge,ACORN-E,2014-01-27,11.70948676708834
ridge,ACORN-E,2014-01-28,11.483802336512165
ridge,ACORN-E,2014-01-29,11.560803473128066
ridge,ACORN-E,2014-01-30,11.500661306428611
ridge,ACORN-E,2014-01-31,11.71769571068564
ridge,ACORN-E,2014-02-01,11.954919722908366
ridge,ACORN-E,2014-02-02,12.135745629214854
ridge,ACORN-E,2014-02-03,11.741500235886791
ridge,ACORN-E,2014-02-04,11.544001019040843
ridge,ACORN-E,2014-02-05,11.622781650909731
ridge,ACORN-E,2014-02-06,11.647321398828584
ridge,ACORN-E,2014-02-07,11.720703060663052
ridge,ACORN-E,2014-02-08,12.04249550326007
ridge,ACORN-E,2014-02-09,12.36205245839535
ridge,ACORN-E,2014-02-10,11.83982216378648
ridge,ACORN-E,2014-02-11,11.6379692040194
ridge,ACORN-E,2014-02-12,11.689569233176815
ridge,ACORN-E,2014-02-13,11.73399140244934
ridge,ACORN-F,2014-01-13,11.055182485451136
ridge,ACORN-F,2014-01-14,10.685466577250228
ridge,ACORN-F,2014-01-15,10.48523758496376
ridge,ACORN-F,2014-01-16,10.34093204866518
ridge,ACORN-F,2014-01-17,10.46857936211454
ridge,ACORN-F,2014-01-18,10.710273559605383
ridge,ACORN-F,2014-01-19,10.967161837706144
ridge,ACORN-F,2014-01-20,10.358792473670082
ridge,ACORN-F,2014-01-21,10.187498900308158
ridge,ACORN-F,2014-01-22,10.02216054331796
ridge,ACORN-F,2014-01-23,10.124661305685215
ridge,ACORN-F,2014-01-24,10.24793882211873
ridge,ACORN-F,2014-01-25,10.410096770879257
ridge,ACORN-F,2014-01-26,10.833665701475963
ridge,ACORN-F,2014-01-27,10.523147677691371
ridge,ACORN-F,2014-01-28,10.307748559319492
ridge,ACORN-F,2014-01-29,10.394277638894382
ridge,ACORN-F,2014-01-30,10.344154335931291
ridge,ACORN-F,2014-01-31,10.57021090581398
ridge,ACORN-F,2014-02-01,10.81586268662305
ridge,ACORN-F,2014-02-02,11.004022879490805
ridge,ACORN-F,2014-02-03,10.615985750562338
ridge,ACORN-F,2014-02-04,10.424321277646856
ridge,ACORN-F,2014-02-05,10.508123997657783
ridge,ACORN-F,2014-02-06,10.537718968904962
ridge,ACORN-F,2014-02-07,10.615797727232618
ridge,ACORN-F,2014-02-08,10.942369258069332
ridge,ACORN-F,2014-02-09,11.26645373107262
ridge,ACORN-F,2014-02-10,10.74839084593963
ridge,ACORN-F,2014-02-11,10.550404413048575
ridge,ACORN-F,2014-02-12,10.605593234091938
ridge,ACORN-F,2014-02-13,10.653429571268644
ridge,ACORN-Q,2014-01-13,8.496786937641305
ridge,ACORN-Q,2014-01-14,8.322972035186742
ridge,ACORN-Q,2014-01-15,8.230469625731093
ridge,ACORN-Q,2014-01-16,8.145124890756867
ridge,ACORN-Q,2014-01-17,8.307237351282486
ridge,ACORN-Q,2014-01-18,8.58431384482557
ridge,ACORN-Q,2014-01-19,8.826935199444158
ridge,ACORN-Q,2014-01-20,8.251089946764342
ridge,ACORN-Q,2014-01-21,8.115806151941364
ridge,ACORN-Q,2014-01-22,7.993684925207685
ridge,ACORN-Q,2014-01-23,8.113129479613285
ridge,ACORN-Q,2014-01-24,8.25279338693491
ridge,ACORN-Q,2014-01-25,8.437007838348427
ridge,ACORN-Q,2014-01-26,8.84298204404739
ridge,ACORN-Q,2014-01-27,8.540016184605669
ridge,ACORN-Q,2014-01-28,8.341578870958454
ridge,ACORN-Q,2014-01-29,8.446819306683837
ridge,ACORN-Q,2014-01-30,8.41297505180515
ridge,ACORN-Q,2014-01-31,8.652841066223019
ridge,ACORN-Q,2014-02-01,8.91083574358431
ridge,ACORN-Q,2014-02-02,9.107202004275075
ridge,ACORN-Q,2014-02-03,8.727888946942727
ridge,ACORN-Q,2014-02-04,8.545843804871637
ridge,ACORN-Q,2014-02-05,8.639982836701908
ridge,ACORN-Q,2014-02-06,8.679074990913053
ridge,ACORN-Q,2014-02-07,8.765677201986254
ridge,ACORN-Q,2014-02-08,9.100249295455749
ridge,ACORN-Q,2014-02-09,9.430165371315956
ridge,ACORN-Q,2014-02-10,8.917226646023451
ridge,ACORN-Q,2014-02-11,8.724428263757234
ridge,ACORN-Q,2014-02-12,8.784922855160445
ridge,ACORN-Q,2014-02-13,8.83793791060147
xgboost,ACORN-E,2014-01-13,12.427006721496582
xgboost,ACORN-E,2014-01-14,12.33714771270752
xgboost,ACORN-E,2014-01-15,12.155803680419922
xgboost,ACORN-E,2014-01-16,12.054399490356444
xgboost,ACORN-E,2014-01-17,12.249506950378418
xgboost,ACORN-E,2014-01-18,12.010086059570312
xgboost,ACORN-E,2014-01-19,12.483586311340332
xgboost,ACORN-E,2014-01-20,12.018559455871582
xgboost,ACORN-E,2014-01-21,12.071837425231934
xgboost,ACORN-E,2014-01-22,11.969572067260742
xgboost,ACORN-E,2014-01-23,12.03743839263916
xgboost,ACORN-E,2014-01-24,12.076016426086426
xgboost,ACORN-E,2014-01-25,11.97189712524414
xgboost,ACORN-E,2014-01-26,12.293465614318848
xgboost,ACORN-E,2014-01-27,12.126594543457031
xgboost,ACORN-E,2014-01-28,12.083796501159668
xgboost,ACORN-E,2014-01-29,12.487757682800291
xgboost,ACORN-E,2014-01-30,12.40546703338623
xgboost,ACORN-E,2014-01-31,12.430038452148438
xgboost,ACORN-E,2014-02-01,12.518485069274902
xgboost,ACORN-E,2014-02-02,12.36917209625244
xgboost,ACORN-E,2014-02-03,12.005680084228516
xgboost,ACORN-E,2014-02-04,11.937948226928713
xgboost,ACORN-E,2014-02-05,12.22415542602539
xgboost,ACORN-E,2014-02-06,12.223196983337402
xgboost,ACORN-E,2014-02-07,12.325234413146973
xgboost,ACORN-E,2014-02-08,12.400129318237305
xgboost,ACORN-E,2014-02-09,12.768927574157717
xgboost,ACORN-E,2014-02-10,12.013829231262209
xgboost,ACORN-E,2014-02-11,11.986981391906738
xgboost,ACORN-E,2014-02-12,12.292183876037598
xgboost,ACORN-E,2014-02-13,12.33090114593506
xgboost,ACORN-F,2014-01-13,10.741714477539062
xgboost,ACORN-F,2014-01-14,10.73879337310791
xgboost,ACORN-F,2014-01-15,10.60865592956543
xgboost,ACORN-F,2014-01-16,10.62746810913086
xgboost,ACORN-F,2014-01-17,10.765384674072266
xgboost,ACORN-F,2014-01-18,10.823616981506348
xgboost,ACORN-F,2014-01-19,11.272530555725098
xgboost,ACORN-F,2014-01-20,10.2806396484375
xgboost,ACORN-F,2014-01-21,10.287378311157228
xgboost,ACORN-F,2014-01-22,10.137407302856444
xgboost,ACORN-F,2014-01-23,10.181964874267578
xgboost,ACORN-F,2014-01-24,10.172033309936523
xgboost,ACORN-F,2014-01-25,10.294612884521484
xgboost,ACORN-F,2014-01-26,10.73440933227539
xgboost,ACORN-F,2014-01-27,10.42620086669922
xgboost,ACORN-F,2014-01-28,10.430096626281738
xgboost,ACORN-F,2014-01-29,10.657761573791504
xgboost,ACORN-F,2014-01-30,10.712591171264648
xgboost,ACORN-F,2014-01-31,10.746068954467772
xgboost,ACORN-F,2014-02-01,11.082404136657717
xgboost,ACORN-F,2014-02-02,11.047597885131836
xgboost,ACORN-F,2014-02-03,10.315332412719728
xgboost,ACORN-F,2014-02-04,10.200003623962402
xgboost,ACORN-F,2014-02-05,10.393797874450684
xgboost,ACORN-F,2014-02-06,10.516687393188477
xgboost,ACORN-F,2014-02-07,10.539320945739746
xgboost,ACORN-F,2014-02-08,11.13901710510254
xgboost,ACORN-F,2014-02-09,11.423075675964355
xgboost,ACORN-F,2014-02-10,10.31736946105957
xgboost,ACORN-F,2014-02-11,10.308112144470217
xgboost,ACORN-F,2014-02-12,10.440597534179688
xgboost,ACORN-F,2014-02-13,10.578573226928713
xgboost,ACORN-Q,2014-01-13,8.182169914245605
xgboost,ACORN-Q,2014-01-14,8.236610412597656
xgboost,ACORN-Q,2014-01-15,8.14099407196045
xgboost,ACORN-Q,2014-01-16,8.13554859161377
xgboost,ACORN-Q,2014-01-17,8.252323150634766
xgboost,ACORN-Q,2014-01-18,8.407919883728027
xgboost,ACORN-Q,2014-01-19,8.73589038848877
xgboost,ACORN-Q,2014-01-20,8.153047561645508
xgboost,ACORN-Q,2014-01-21,8.182287216186523
xgboost,ACORN-Q,2014-01-22,8.039076805114746
xgboost,ACORN-Q,2014-01-23,7.981990337371826
xgboost,ACORN-Q,2014-01-24,8.008563995361328
xgboost,ACORN-Q,2014-01-25,8.284926414489746
xgboost,ACORN-Q,2014-01-26,8.570535659790039
xgboost,ACORN-Q,2014-01-27,8.151350021362305
xgboost,ACORN-Q,2014-01-28,8.193190574645996
xgboost,ACORN-Q,2014-01-29,8.378721237182617
xgboost,ACORN-Q,2014-01-30,8.340675354003906
xgboost,ACORN-Q,2014-01-31,8.251399040222168
xgboost,ACORN-Q,2014-02-01,8.546590805053711
xgboost,ACORN-Q,2014-02-02,8.793255805969238
xgboost,ACORN-Q,2014-02-03,8.148606300354004
xgboost,ACORN-Q,2014-02-04,8.090517044067383
xgboost,ACORN-Q,2014-02-05,8.208504676818848
xgboost,ACORN-Q,2014-02-06,8.221426963806152
xgboost,ACORN-Q,2014-02-07,8.27135944366455
xgboost,ACORN-Q,2014-02-08,8.662531852722168
xgboost,ACORN-Q,2014-02-09,9.164921760559082
xgboost,ACORN-Q,2014-02-10,8.367635726928711
xgboost,ACORN-Q,2014-02-11,8.253887176513672
xgboost,ACORN-Q,2014-02-12,8.290491104125977
xgboost,ACORN-Q,2014-02-13,8.253880500793457
xgboost_by_acorn,ACORN-E,2014-01-13,12.311807632446287
xgboost_by_acorn,ACORN-E,2014-01-14,12.475725173950195
xgboost_by_acorn,ACORN-E,2014-01-15,12.101848602294922
xgboost_by_acorn,ACORN-E,2014-01-16,11.864577293395996
xgboost_by_acorn,ACORN-E,2014-01-17,12.327778816223145
xgboost_by_acorn,ACORN-E,2014-01-18,11.987085342407228
xgboost_by_acorn,ACORN-E,2014-01-19,12.530051231384276
xgboost_by_acorn,ACORN-E,2014-01-20,12.177736282348633
xgboost_by_acorn,ACORN-E,2014-01-21,12.331098556518556
xgboost_by_acorn,ACORN-E,2014-01-22,12.01690673828125
xgboost_by_acorn,ACORN-E,2014-01-23,12.074068069458008
xgboost_by_acorn,ACORN-E,2014-01-24,12.311741828918455
xgboost_by_acorn,ACORN-E,2014-01-25,12.049036026000977
xgboost_by_acorn,ACORN-E,2014-01-26,12.690695762634276
xgboost_by_acorn,ACORN-E,2014-01-27,12.536247253417969
xgboost_by_acorn,ACORN-E,2014-01-28,12.18808650970459
xgboost_by_acorn,ACORN-E,2014-01-29,12.692054748535156
xgboost_by_acorn,ACORN-E,2014-01-30,12.498181343078612
xgboost_by_acorn,ACORN-E,2014-01-31,12.49897575378418
xgboost_by_acorn,ACORN-E,2014-02-01,12.52586841583252
xgboost_by_acorn,ACORN-E,2014-02-02,12.57761287689209
xgboost_by_acorn,ACORN-E,2014-02-03,12.291004180908203
xgboost_by_acorn,ACORN-E,2014-02-04,12.27407455444336
xgboost_by_acorn,ACORN-E,2014-02-05,12.296327590942385
xgboost_by_acorn,ACORN-E,2014-02-06,12.05834674835205
xgboost_by_acorn,ACORN-E,2014-02-07,12.459434509277344
xgboost_by_acorn,ACORN-E,2014-02-08,12.481739044189451
xgboost_by_acorn,ACORN-E,2014-02-09,12.787521362304688
xgboost_by_acorn,ACORN-E,2014-02-10,12.189634323120115
xgboost_by_acorn,ACORN-E,2014-02-11,12.222137451171877
xgboost_by_acorn,ACORN-E,2014-02-12,12.538140296936035
xgboost_by_acorn,ACORN-E,2014-02-13,12.457746505737305
xgboost_by_acorn,ACORN-F,2014-01-13,10.38784885406494
xgboost_by_acorn,ACORN-F,2014-01-14,10.655068397521973
xgboost_by_acorn,ACORN-F,2014-01-15,10.369385719299316
xgboost_by_acorn,ACORN-F,2014-01-16,10.249197006225586
xgboost_by_acorn,ACORN-F,2014-01-17,10.404377937316896
xgboost_by_acorn,ACORN-F,2014-01-18,10.710824012756348
xgboost_by_acorn,ACORN-F,2014-01-19,11.193134307861328
xgboost_by_acorn,ACORN-F,2014-01-20,10.453784942626951
xgboost_by_acorn,ACORN-F,2014-01-21,10.437952995300291
xgboost_by_acorn,ACORN-F,2014-01-22,10.29590892791748
xgboost_by_acorn,ACORN-F,2014-01-23,10.43276596069336
xgboost_by_acorn,ACORN-F,2014-01-24,10.399821281433104
xgboost_by_acorn,ACORN-F,2014-01-25,10.72770881652832
xgboost_by_acorn,ACORN-F,2014-01-26,11.161008834838867
xgboost_by_acorn,ACORN-F,2014-01-27,10.7105712890625
xgboost_by_acorn,ACORN-F,2014-01-28,10.6209716796875
xgboost_by_acorn,ACORN-F,2014-01-29,10.964707374572754
xgboost_by_acorn,ACORN-F,2014-01-30,10.593456268310549
xgboost_by_acorn,ACORN-F,2014-01-31,10.682833671569824
xgboost_by_acorn,ACORN-F,2014-02-01,11.060992240905762
xgboost_by_acorn,ACORN-F,2014-02-02,11.02628231048584
xgboost_by_acorn,ACORN-F,2014-02-03,10.618699073791504
xgboost_by_acorn,ACORN-F,2014-02-04,10.56472873687744
xgboost_by_acorn,ACORN-F,2014-02-05,10.748830795288086
xgboost_by_acorn,ACORN-F,2014-02-06,10.6055269241333
xgboost_by_acorn,ACORN-F,2014-02-07,10.7081880569458
xgboost_by_acorn,ACORN-F,2014-02-08,11.105072975158691
xgboost_by_acorn,ACORN-F,2014-02-09,11.42413330078125
xgboost_by_acorn,ACORN-F,2014-02-10,10.388860702514648
xgboost_by_acorn,ACORN-F,2014-02-11,10.62395191192627
xgboost_by_acorn,ACORN-F,2014-02-12,10.805493354797363
xgboost_by_acorn,ACORN-F,2014-02-13,10.811633110046388
xgboost_by_acorn,ACORN-Q,2014-01-13,8.185361862182617
xgboost_by_acorn,ACORN-Q,2014-01-14,8.165693283081055
xgboost_by_acorn,ACORN-Q,2014-01-15,7.991675853729248
xgboost_by_acorn,ACORN-Q,2014-01-16,8.111245155334473
xgboost_by_acorn,ACORN-Q,2014-01-17,8.33564567565918
xgboost_by_acorn,ACORN-Q,2014-01-18,8.630643844604492
xgboost_by_acorn,ACORN-Q,2014-01-19,8.94523811340332
xgboost_by_acorn,ACORN-Q,2014-01-20,8.338719367980957
xgboost_by_acorn,ACORN-Q,2014-01-21,8.242223739624023
xgboost_by_acorn,ACORN-Q,2014-01-22,8.103692054748535
xgboost_by_acorn,ACORN-Q,2014-01-23,8.182169914245605
xgboost_by_acorn,ACORN-Q,2014-01-24,8.175556182861328
xgboost_by_acorn,ACORN-Q,2014-01-25,8.48361587524414
xgboost_by_acorn,ACORN-Q,2014-01-26,8.826082229614258
xgboost_by_acorn,ACORN-Q,2014-01-27,8.595048904418945
xgboost_by_acorn,ACORN-Q,2014-01-28,8.532169342041016
xgboost_by_acorn,ACORN-Q,2014-01-29,8.9093599319458
xgboost_by_acorn,ACORN-Q,2014-01-30,8.51892375946045
xgboost_by_acorn,ACORN-Q,2014-01-31,8.497562408447266
xgboost_by_acorn,ACORN-Q,2014-02-01,8.817959785461426
xgboost_by_acorn,ACORN-Q,2014-02-02,8.815970420837402
xgboost_by_acorn,ACORN-Q,2014-02-03,8.341104507446289
xgboost_by_acorn,ACORN-Q,2014-02-04,8.23507022857666
xgboost_by_acorn,ACORN-Q,2014-02-05,8.457236289978027
xgboost_by_acorn,ACORN-Q,2014-02-06,8.430315017700195
xgboost_by_acorn,ACORN-Q,2014-02-07,8.454355239868164
xgboost_by_acorn,ACORN-Q,2014-02-08,8.848039627075195
xgboost_by_acorn,ACORN-Q,2014-02-09,9.040756225585938
xgboost_by_acorn,ACORN-Q,2014-02-10,8.421557426452637
xgboost_by_acorn,ACORN-Q,2014-02-11,8.32254695892334
xgboost_by_acorn,ACORN-Q,2014-02-12,8.523935317993164
xgboost_by_acorn,ACORN-Q,2014-02-13,8.602931022644043
catboost,ACORN-E,2014-01-13,12.339369965375214
catboost,ACORN-E,2014-01-14,12.37638871455446
catboost,ACORN-E,2014-01-15,11.98455948448692
catboost,ACORN-E,2014-01-16,11.823696699145046
catboost,ACORN-E,2014-01-17,12.03361467717416
catboost,ACORN-E,2014-01-18,12.137971579088813
catboost,ACORN-E,2014-01-19,12.479634486503516
catboost,ACORN-E,2014-01-20,11.994976658052591
catboost,ACORN-E,2014-01-21,11.978963463968558
catboost,ACORN-E,2014-01-22,11.663443026822655
catboost,ACORN-E,2014-01-23,11.693027884331494
catboost,ACORN-E,2014-01-24,11.704745011785445
catboost,ACORN-E,2014-01-25,11.826533417106074
catboost,ACORN-E,2014-01-26,12.180263525026676
catboost,ACORN-E,2014-01-27,11.97930733007414
catboost,ACORN-E,2014-01-28,11.759560981518812
catboost,ACORN-E,2014-01-29,12.144445404686426
catboost,ACORN-E,2014-01-30,12.079822504288558
catboost,ACORN-E,2014-01-31,12.281879313154668
catboost,ACORN-E,2014-02-01,12.41590613224875
catboost,ACORN-E,2014-02-02,12.44748130589285
catboost,ACORN-E,2014-02-03,12.06770465702767
catboost,ACORN-E,2014-02-04,12.018706931693536
catboost,ACORN-E,2014-02-05,11.996797726525894
catboost,ACORN-E,2014-02-06,11.968690732295116
catboost,ACORN-E,2014-02-07,12.02008489651612
catboost,ACORN-E,2014-02-08,12.420777246532802
catboost,ACORN-E,2014-02-09,12.862326904057108
catboost,ACORN-E,2014-02-10,12.081181001034556
catboost,ACORN-E,2014-02-11,12.101547631943754
catboost,ACORN-E,2014-02-12,12.257729526177323
catboost,ACORN-E,2014-02-13,12.259061186460311
catboost,ACORN-F,2014-01-13,10.551920241008984
catboost,ACORN-F,2014-01-14,10.535663208719829
catboost,ACORN-F,2014-01-15,10.276568893037602
catboost,ACORN-F,2014-01-16,10.238069679477576
catboost,ACORN-F,2014-01-17,10.478509970234697
catboost,ACORN-F,2014-01-18,10.664710906681105
catboost,ACORN-F,2014-01-19,11.044747198803051
catboost,ACORN-F,2014-01-20,10.293494938628545
catboost,ACORN-F,2014-01-21,10.238890589911502
catboost,ACORN-F,2014-01-22,10.044537778643289
catboost,ACORN-F,2014-01-23,10.21824880891616
catboost,ACORN-F,2014-01-24,10.256472407602296
catboost,ACORN-F,2014-01-25,10.367074256417592
catboost,ACORN-F,2014-01-26,10.84631572813026
catboost,ACORN-F,2014-01-27,10.414712005352076
catboost,ACORN-F,2014-01-28,10.339092232012089
catboost,ACORN-F,2014-01-29,10.516786287303551
catboost,ACORN-F,2014-01-30,10.457160572110174
catboost,ACORN-F,2014-01-31,10.562445030398152
catboost,ACORN-F,2014-02-01,10.81983471182311
catboost,ACORN-F,2014-02-02,10.882383560624916
catboost,ACORN-F,2014-02-03,10.319357934415848
catboost,ACORN-F,2014-02-04,10.228025876783656
catboost,ACORN-F,2014-02-05,10.324097405407986
catboost,ACORN-F,2014-02-06,10.370011291683708
catboost,ACORN-F,2014-02-07,10.503230834347187
catboost,ACORN-F,2014-02-08,10.926525837210503
catboost,ACORN-F,2014-02-09,11.279151177890611
catboost,ACORN-F,2014-02-10,10.300102188033064
catboost,ACORN-F,2014-02-11,10.26610399790958
catboost,ACORN-F,2014-02-12,10.407932152662136
catboost,ACORN-F,2014-02-13,10.521884447017255
catboost,ACORN-Q,2014-01-13,8.244955017409191
catboost,ACORN-Q,2014-01-14,8.226556849506961
catboost,ACORN-Q,2014-01-15,8.063075211204765
catboost,ACORN-Q,2014-01-16,7.99159359366387
catboost,ACORN-Q,2014-01-17,8.167022612717988
catboost,ACORN-Q,2014-01-18,8.379554634516987
catboost,ACORN-Q,2014-01-19,8.625344352750808
catboost,ACORN-Q,2014-01-20,8.111337155743282
catboost,ACORN-Q,2014-01-21,8.05401980562033
catboost,ACORN-Q,2014-01-22,7.902804965839631
catboost,ACORN-Q,2014-01-23,7.967645398869426
catboost,ACORN-Q,2014-01-24,8.03609395561167
catboost,ACORN-Q,2014-01-25,8.180125858087369
catboost,ACORN-Q,2014-01-26,8.552291774944736
catboost,ACORN-Q,2014-01-27,8.205879307629715
catboost,ACORN-Q,2014-01-28,8.107384883375667
catboost,ACORN-Q,2014-01-29,8.32997363181491
catboost,ACORN-Q,2014-01-30,8.19538240596052
catboost,ACORN-Q,2014-01-31,8.25529253805226
catboost,ACORN-Q,2014-02-01,8.454970780741952
catboost,ACORN-Q,2014-02-02,8.523561466956037
catboost,ACORN-Q,2014-02-03,8.068542509360075
catboost,ACORN-Q,2014-02-04,7.972212913491875
catboost,ACORN-Q,2014-02-05,8.117427886177861
catboost,ACORN-Q,2014-02-06,8.147059514939182
catboost,ACORN-Q,2014-02-07,8.209018666348664
catboost,ACORN-Q,2014-02-08,8.555016674721404
catboost,ACORN-Q,2014-02-09,8.931919158601415
catboost,ACORN-Q,2014-02-10,8.200910421092503
catboost,ACORN-Q,2014-02-11,8.063333321204238
catboost,ACORN-Q,2014-02-12,8.180603677434817
catboost,ACORN-Q,2014-02-13,8.186829652671307
lightgbm,ACORN-E,2014-01-13,12.316632613503886
lightgbm,ACORN-E,2014-01-14,12.313698519322552
lightgbm,ACORN-E,2014-01-15,12.00463248038376
lightgbm,ACORN-E,2014-01-16,11.846582265349204
lightgbm,ACORN-E,2014-01-17,12.247590929662366
lightgbm,ACORN-E,2014-01-18,11.968024004072936
lightgbm,ACORN-E,2014-01-19,12.409487482216798
lightgbm,ACORN-E,2014-01-20,11.793527901009597
lightgbm,ACORN-E,2014-01-21,11.783679575210252
lightgbm,ACORN-E,2014-01-22,11.645692284229831
lightgbm,ACORN-E,2014-01-23,11.69021878905206
lightgbm,ACORN-E,2014-01-24,11.872224115654657
lightgbm,ACORN-E,2014-01-25,11.690547365647834
lightgbm,ACORN-E,2014-01-26,12.23845142543127
lightgbm,ACORN-E,2014-01-27,11.837492017299978
lightgbm,ACORN-E,2014-01-28,11.71399255205636
lightgbm,ACORN-E,2014-01-29,12.032531452565948
lightgbm,ACORN-E,2014-01-30,12.354631070038884
lightgbm,ACORN-E,2014-01-31,12.405662723564404
lightgbm,ACORN-E,2014-02-01,12.603782352025384
lightgbm,ACORN-E,2014-02-02,12.565547952220774
lightgbm,ACORN-E,2014-02-03,11.920910903467808
lightgbm,ACORN-E,2014-02-04,11.790028958074856
lightgbm,ACORN-E,2014-02-05,12.110239554665924
lightgbm,ACORN-E,2014-02-06,11.970708340779444
lightgbm,ACORN-E,2014-02-07,12.26862523053756
lightgbm,ACORN-E,2014-02-08,12.428098617530804
lightgbm,ACORN-E,2014-02-09,12.866572842370545
lightgbm,ACORN-E,2014-02-10,12.141917288314232
lightgbm,ACORN-E,2014-02-11,11.992398869305765
lightgbm,ACORN-E,2014-02-12,12.273666299022958
lightgbm,ACORN-E,2014-02-13,12.328729729556391
lightgbm,ACORN-F,2014-01-13,10.821751245510802
lightgbm,ACORN-F,2014-01-14,10.815287095729982
lightgbm,ACORN-F,2014-01-15,10.724423568401496
lightgbm,ACORN-F,2014-01-16,10.706199013113894
lightgbm,ACORN-F,2014-01-17,10.824955613476842
lightgbm,ACORN-F,2014-01-18,11.015127839321332
lightgbm,ACORN-F,2014-01-19,11.299533650627565
lightgbm,ACORN-F,2014-01-20,10.296724502903784
lightgbm,ACORN-F,2014-01-21,10.26699161439338
lightgbm,ACORN-F,2014-01-22,10.16232999278531
lightgbm,ACORN-F,2014-01-23,10.2078591880296
lightgbm,ACORN-F,2014-01-24,10.319614438347392
lightgbm,ACORN-F,2014-01-25,10.469566947665664
lightgbm,ACORN-F,2014-01-26,10.992574675192522
lightgbm,ACORN-F,2014-01-27,10.469606572349162
lightgbm,ACORN-F,2014-01-28,10.506057608748344
lightgbm,ACORN-F,2014-01-29,10.951664986329227
lightgbm,ACORN-F,2014-01-30,10.747356726087864
lightgbm,ACORN-F,2014-01-31,10.76398091270666
lightgbm,ACORN-F,2014-02-01,11.128430856760891
lightgbm,ACORN-F,2014-02-02,11.265798464475884
lightgbm,ACORN-F,2014-02-03,10.396477591855469
lightgbm,ACORN-F,2014-02-04,10.401672836273743
lightgbm,ACORN-F,2014-02-05,10.686521791330442
lightgbm,ACORN-F,2014-02-06,10.616565693820396
lightgbm,ACORN-F,2014-02-07,10.689601711178884
lightgbm,ACORN-F,2014-02-08,11.119836848145397
lightgbm,ACORN-F,2014-02-09,11.58523990102596
lightgbm,ACORN-F,2014-02-10,10.27857164794858
lightgbm,ACORN-F,2014-02-11,10.470430838663766
lightgbm,ACORN-F,2014-02-12,10.753346957240147
lightgbm,ACORN-F,2014-02-13,10.866781632486385
lightgbm,ACORN-Q,2014-01-13,8.074331640994764
lightgbm,ACORN-Q,2014-01-14,8.105879483879166
lightgbm,ACORN-Q,2014-01-15,8.250653224339095
lightgbm,ACORN-Q,2014-01-16,8.22081809767415
lightgbm,ACORN-Q,2014-01-17,8.369366976576059
lightgbm,ACORN-Q,2014-01-18,8.661170571418726
lightgbm,ACORN-Q,2014-01-19,8.97212822428059
lightgbm,ACORN-Q,2014-01-20,8.105034692209058
lightgbm,ACORN-Q,2014-01-21,8.125356195120517
lightgbm,ACORN-Q,2014-01-22,8.031974251914448
lightgbm,ACORN-Q,2014-01-23,8.00100151998437
lightgbm,ACORN-Q,2014-01-24,7.970202414430994
lightgbm,ACORN-Q,2014-01-25,8.310568369972684
lightgbm,ACORN-Q,2014-01-26,8.56552957546025
lightgbm,ACORN-Q,2014-01-27,8.180912242394417
lightgbm,ACORN-Q,2014-01-28,8.181529117448807
lightgbm,ACORN-Q,2014-01-29,8.501739928052027
lightgbm,ACORN-Q,2014-01-30,8.421652960518369
lightgbm,ACORN-Q,2014-01-31,8.334326654066174
lightgbm,ACORN-Q,2014-02-01,8.688426104127716
lightgbm,ACORN-Q,2014-02-02,8.849453231698588
lightgbm,ACORN-Q,2014-02-03,8.092364419033183
lightgbm,ACORN-Q,2014-02-04,8.023679725601182
lightgbm,ACORN-Q,2014-02-05,8.198903458182114
lightgbm,ACORN-Q,2014-02-06,8.224023588204776
lightgbm,ACORN-Q,2014-02-07,8.273885138955603
lightgbm,ACORN-Q,2014-02-08,8.815528013163254
lightgbm,ACORN-Q,2014-02-09,9.200527337231868
lightgbm,ACORN-Q,2014-02-10,8.423609840987304
lightgbm,ACORN-Q,2014-02-11,8.153092374838264
lightgbm,ACORN-Q,2014-02-12,8.34600614800214
lightgbm,ACORN-Q,2014-02-13,8.399461218278832
stack_regressor,ACORN-E,2014-01-13,12.818484248465195
stack_regressor,ACORN-E,2014-01-14,12.930812672874856
stack_regressor,ACORN-E,2014-01-15,12.795898642699255
stack_regressor,ACORN-E,2014-01-16,12.624680564145706
stack_regressor,ACORN-E,2014-01-17,12.988363311437674
stack_regressor,ACORN-E,2014-01-18,13.084570459016335
stack_regressor,ACORN-E,2014-01-19,13.699917926184558
stack_regressor,ACORN-E,2014-01-20,13.169875958186664
stack_regressor,ACORN-E,2014-01-21,13.202624015184147
stack_regressor,ACORN-E,2014-01-22,12.921257824690013
stack_regressor,ACORN-E,2014-01-23,13.10806444961514
stack_regressor,ACORN-E,2014-01-24,13.351064138681116
stack_regressor,ACORN-E,2014-01-25,13.362414605547134
stack_regressor,ACORN-E,2014-01-26,13.903771551557725
stack_regressor,ACORN-E,2014-01-27,13.519158704907909
stack_regressor,ACORN-E,2014-01-28,13.3300322537898
stack_regressor,ACORN-E,2014-01-29,13.433574055189675
stack_regressor,ACORN-E,2014-01-30,13.321267001347572
stack_regressor,ACORN-E,2014-01-31,13.630069200936143
stack_regressor,ACORN-E,2014-02-01,14.27694321176819
stack_regressor,ACORN-E,2014-02-02,14.609222933691141
stack_regressor,ACORN-E,2014-02-03,14.297064430512073
stack_regressor,ACORN-E,2014-02-04,14.193783292382067
stack_regressor,ACORN-E,2014-02-05,14.648851959433681
stack_regressor,ACORN-E,2014-02-06,14.353805876291055
stack_regressor,ACORN-E,2014-02-07,14.55781756276722
stack_regressor,ACORN-E,2014-02-08,15.11291028110711
stack_regressor,ACORN-E,2014-02-09,15.472792249113956
stack_regressor,ACORN-E,2014-02-10,14.754292968867016
stack_regressor,ACORN-E,2014-02-11,14.459419738364339
stack_regressor,ACORN-E,2014-02-12,14.769406083710745
stack_regressor,ACORN-E,2014-02-13,14.599261921823956
stack_regressor,ACORN-F,2014-01-13,11.354367677979178
stack_regressor,ACORN-F,2014-01-14,11.290618557091387
stack_regressor,ACORN-F,2014-01-15,11.268048441729585
stack_regressor,ACORN-F,2014-01-16,11.212341519031598
stack_regressor,ACORN-F,2014-01-17,11.433749146409676
stack_regressor,ACORN-F,2014-01-18,11.824589440025406
stack_regressor,ACORN-F,2014-01-19,12.451109211723145
stack_regressor,ACORN-F,2014-01-20,11.634260570961057
stack_regressor,ACORN-F,2014-01-21,11.485272306867655
stack_regressor,ACORN-F,2014-01-22,11.094587039223041
stack_regressor,ACORN-F,2014-01-23,11.169315918405937
stack_regressor,ACORN-F,2014-01-24,11.144598279660885
stack_regressor,ACORN-F,2014-01-25,11.382870776110662
stack_regressor,ACORN-F,2014-01-26,12.075092243782676
stack_regressor,ACORN-F,2014-01-27,11.637163003885522
stack_regressor,ACORN-F,2014-01-28,11.586238682361254
stack_regressor,ACORN-F,2014-01-29,11.686866200400845
stack_regressor,ACORN-F,2014-01-30,11.946227008423817
stack_regressor,ACORN-F,2014-01-31,12.227790210730971
stack_regressor,ACORN-F,2014-02-01,12.88716126168609
stack_regressor,ACORN-F,2014-02-02,13.460624813317297
stack_regressor,ACORN-F,2014-02-03,12.878763185343479
stack_regressor,ACORN-F,2014-02-04,12.643247442933172
stack_regressor,ACORN-F,2014-02-05,12.893081204374655
stack_regressor,ACORN-F,2014-02-06,12.925344391024414
stack_regressor,ACORN-F,2014-02-07,13.163836123855782
stack_regressor,ACORN-F,2014-02-08,13.62251771339012
stack_regressor,ACORN-F,2014-02-09,14.277082155797856
stack_regressor,ACORN-F,2014-02-10,13.867339039460564
stack_regressor,ACORN-F,2014-02-11,13.42147216471144
stack_regressor,ACORN-F,2014-02-12,13.219427974972792
stack_regressor,ACORN-F,2014-02-13,13.133023919038099
stack_regressor,ACORN-Q,2014-01-13,8.28764368296651
stack_regressor,ACORN-Q,2014-01-14,8.131513318311443
stack_regressor,ACORN-Q,2014-01-15,8.2361487803248
stack_regressor,ACORN-Q,2014-01-16,8.22941952974787
stack_regressor,ACORN-Q,2014-01-17,8.471259126171692
stack_regressor,ACORN-Q,2014-01-18,8.820992873265613
stack_regressor,ACORN-Q,2014-01-19,9.121860853167693
stack_regressor,ACORN-Q,2014-01-20,8.378776252000247
stack_regressor,ACORN-Q,2014-01-21,8.183767210251519
stack_regressor,ACORN-Q,2014-01-22,8.01536244531036
stack_regressor,ACORN-Q,2014-01-23,8.081289542504237
stack_regressor,ACORN-Q,2014-01-24,8.120870144260119
stack_regressor,ACORN-Q,2014-01-25,8.448351490669719
stack_regressor,ACORN-Q,2014-01-26,8.79294616419033
stack_regressor,ACORN-Q,2014-01-27,8.393682072584651
stack_regressor,ACORN-Q,2014-01-28,8.250167245184308
stack_regressor,ACORN-Q,2014-01-29,8.540429868899318
stack_regressor,ACORN-Q,2014-01-30,8.502562594475519
stack_regressor,ACORN-Q,2014-01-31,8.600727112482732
stack_regressor,ACORN-Q,2014-02-01,9.047774507582591
stack_regressor,ACORN-Q,2014-02-02,9.118506783240292
stack_regressor,ACORN-Q,2014-02-03,8.560296950127725
stack_regressor,ACORN-Q,2014-02-04,8.358331745536754
stack_regressor,ACORN-Q,2014-02-05,8.533634446240079
stack_regressor,ACORN-Q,2014-02-06,8.568268859064807
stack_regressor,ACORN-Q,2014-02-07,8.71661392894283
stack_regressor,ACORN-Q,2014-02-08,9.119185886916535
stack_regressor,ACORN-Q,2014-02-09,9.513406844377894
stack_regressor,ACORN-Q,2014-02-10,9.041973887879257
stack_regressor,ACORN-Q,2014-02-11,8.728495459740069
stack_regressor,ACORN-Q,2014-02-12,8.905513942700177
stack_regressor,ACORN-Q,2014-02-13,8.880082037758754
autogluon,ACORN-E,2014-01-13,12.12802791595459
autogluon,ACORN-E,2014-01-14,12.182843208312988
autogluon,ACORN-E,2014-01-15,11.935790061950684
autogluon,ACORN-E,2014-01-16,11.897968292236328
autogluon,ACORN-E,2014-01-17,12.157644271850586
autogluon,ACORN-E,2014-01-18,12.172707557678224
autogluon,ACORN-E,2014-01-19,12.179401397705078
autogluon,ACORN-E,2014-01-20,11.904582023620604
autogluon,ACORN-E,2014-01-21,11.969196319580078
autogluon,ACORN-E,2014-01-22,11.77697467803955
autogluon,ACORN-E,2014-01-23,11.823253631591797
autogluon,ACORN-E,2014-01-24,11.877057075500488
autogluon,ACORN-E,2014-01-25,12.065876007080078
autogluon,ACORN-E,2014-01-26,12.488926887512209
autogluon,ACORN-E,2014-01-27,12.238218307495115
autogluon,ACORN-E,2014-01-28,12.036401748657228
autogluon,ACORN-E,2014-01-29,12.427916526794434
autogluon,ACORN-E,2014-01-30,12.291082382202148
autogluon,ACORN-E,2014-01-31,12.379314422607422
autogluon,ACORN-E,2014-02-01,12.549164772033691
autogluon,ACORN-E,2014-02-02,12.406152725219728
autogluon,ACORN-E,2014-02-03,12.11806869506836
autogluon,ACORN-E,2014-02-04,11.87751007080078
autogluon,ACORN-E,2014-02-05,12.223082542419434
autogluon,ACORN-E,2014-02-06,12.158284187316896
autogluon,ACORN-E,2014-02-07,12.37470531463623
autogluon,ACORN-E,2014-02-08,12.670453071594238
autogluon,ACORN-E,2014-02-09,12.936997413635254
autogluon,ACORN-E,2014-02-10,11.971410751342772
autogluon,ACORN-E,2014-02-11,12.025115966796877
autogluon,ACORN-E,2014-02-12,12.345824241638184
autogluon,ACORN-E,2014-02-13,12.293429374694824
autogluon,ACORN-F,2014-01-13,10.442626953125
autogluon,ACORN-F,2014-01-14,10.643654823303224
autogluon,ACORN-F,2014-01-15,10.272028923034668
autogluon,ACORN-F,2014-01-16,10.235757827758787
autogluon,ACORN-F,2014-01-17,10.481119155883787
autogluon,ACORN-F,2014-01-18,10.643657684326172
autogluon,ACORN-F,2014-01-19,10.7637300491333
autogluon,ACORN-F,2014-01-20,10.223875999450684
autogluon,ACORN-F,2014-01-21,10.166465759277344
autogluon,ACORN-F,2014-01-22,9.982836723327637
autogluon,ACORN-F,2014-01-23,10.097699165344238
autogluon,ACORN-F,2014-01-24,10.10146713256836
autogluon,ACORN-F,2014-01-25,10.30533218383789
autogluon,ACORN-F,2014-01-26,10.73072910308838
autogluon,ACORN-F,2014-01-27,10.378741264343262
autogluon,ACORN-F,2014-01-28,10.31375217437744
autogluon,ACORN-F,2014-01-29,10.623855590820312
autogluon,ACORN-F,2014-01-30,10.434597969055176
autogluon,ACORN-F,2014-01-31,10.522294998168944
autogluon,ACORN-F,2014-02-01,10.960726737976074
autogluon,ACORN-F,2014-02-02,10.780864715576172
autogluon,ACORN-F,2014-02-03,10.292378425598145
autogluon,ACORN-F,2014-02-04,10.248090744018556
autogluon,ACORN-F,2014-02-05,10.460549354553224
autogluon,ACORN-F,2014-02-06,10.392023086547852
autogluon,ACORN-F,2014-02-07,10.49539566040039
autogluon,ACORN-F,2014-02-08,11.0310640335083
autogluon,ACORN-F,2014-02-09,11.389378547668455
autogluon,ACORN-F,2014-02-10,10.252520561218262
autogluon,ACORN-F,2014-02-11,10.373744010925291
autogluon,ACORN-F,2014-02-12,10.725017547607422
autogluon,ACORN-F,2014-02-13,10.715051651000977
autogluon,ACORN-Q,2014-01-13,8.090882301330566
autogluon,ACORN-Q,2014-01-14,8.206607818603516
autogluon,ACORN-Q,2014-01-15,8.112171173095703
autogluon,ACORN-Q,2014-01-16,8.105219841003418
autogluon,ACORN-Q,2014-01-17,8.25960922241211
autogluon,ACORN-Q,2014-01-18,8.53551197052002
autogluon,ACORN-Q,2014-01-19,8.61264705657959
autogluon,ACORN-Q,2014-01-20,8.120121955871582
autogluon,ACORN-Q,2014-01-21,8.070267677307129
autogluon,ACORN-Q,2014-01-22,7.95241117477417
autogluon,ACORN-Q,2014-01-23,7.972469329833984
autogluon,ACORN-Q,2014-01-24,8.017782211303711
autogluon,ACORN-Q,2014-01-25,8.370513916015625
autogluon,ACORN-Q,2014-01-26,8.57727336883545
autogluon,ACORN-Q,2014-01-27,8.209481239318848
autogluon,ACORN-Q,2014-01-28,8.128028869628906
autogluon,ACORN-Q,2014-01-29,8.366215705871582
autogluon,ACORN-Q,2014-01-30,8.234472274780273
autogluon,ACORN-Q,2014-01-31,8.30573844909668
autogluon,ACORN-Q,2014-02-01,8.721719741821289
autogluon,ACORN-Q,2014-02-02,8.655561447143555
autogluon,ACORN-Q,2014-02-03,8.17840576171875
autogluon,ACORN-Q,2014-02-04,8.159171104431152
autogluon,ACORN-Q,2014-02-05,8.310765266418457
autogluon,ACORN-Q,2014-02-06,8.265298843383789
autogluon,ACORN-Q,2014-02-07,8.32612133026123
autogluon,ACORN-Q,2014-02-08,8.82840633392334
autogluon,ACORN-Q,2014-02-09,9.107711791992188
autogluon,ACORN-Q,2014-02-10,8.183029174804688
autogluon,ACORN-Q,2014-02-11,8.200986862182617
autogluon,ACORN-Q,2014-02-12,8.393704414367676
autogluon,ACORN-Q,2014-02-13,8.3696928024292
autogluon_timeseries,ACORN-E,2014-01-13,12.05580591572924
autogluon_timeseries,ACORN-E,2014-01-14,12.24817626149209
autogluon_timeseries,ACORN-E,2014-01-15,12.077150494599692
autogluon_timeseries,ACORN-E,2014-01-16,12.071395269431658
autogluon_timeseries,ACORN-E,2014-01-17,12.156611581287962
autogluon_timeseries,ACORN-E,2014-01-18,12.2461630573385
autogluon_timeseries,ACORN-E,2014-01-19,12.661205911781089
autogluon_timeseries,ACORN-E,2014-01-20,12.188514257361325
autogluon_timeseries,ACORN-E,2014-01-21,12.05116549428832
autogluon_timeseries,ACORN-E,2014-01-22,11.92516816334026
autogluon_timeseries,ACORN-E,2014-01-23,12.136020195834616
autogluon_timeseries,ACORN-E,2014-01-24,12.121000938399105
autogluon_timeseries,ACORN-E,2014-01-25,12.000507426739166
autogluon_timeseries,ACORN-E,2014-01-26,12.678915462623658
autogluon_timeseries,ACORN-E,2014-01-27,12.480099018060786
autogluon_timeseries,ACORN-E,2014-01-28,12.263049385173233
autogluon_timeseries,ACORN-E,2014-01-29,12.477007818994508
autogluon_timeseries,ACORN-E,2014-01-30,12.09705916375674
autogluon_timeseries,ACORN-E,2014-01-31,12.256096746449426
autogluon_timeseries,ACORN-E,2014-02-01,12.326453753222577
autogluon_timeseries,ACORN-E,2014-02-02,12.527536828632698
autogluon_timeseries,ACORN-E,2014-02-03,12.110889967677409
autogluon_timeseries,ACORN-E,2014-02-04,12.072120079875894
autogluon_timeseries,ACORN-E,2014-02-05,12.098945755555436
autogluon_timeseries,ACORN-E,2014-02-06,12.00161125686006
autogluon_timeseries,ACORN-E,2014-02-07,12.155746369626163
autogluon_timeseries,ACORN-E,2014-02-08,12.28438335988787
autogluon_timeseries,ACORN-E,2014-02-09,12.8981298674151
autogluon_timeseries,ACORN-E,2014-02-10,12.125369814188488
autogluon_timeseries,ACORN-E,2014-02-11,12.192259279627308
autogluon_timeseries,ACORN-E,2014-02-12,12.365070427269558
autogluon_timeseries,ACORN-E,2014-02-13,12.188046738721088
autogluon_timeseries,ACORN-F,2014-01-13,10.576886245099306
autogluon_timeseries,ACORN-F,2014-01-14,10.854773167512498
autogluon_timeseries,ACORN-F,2014-01-15,10.581451742841196
autogluon_timeseries,ACORN-F,2014-01-16,10.623782344997254
autogluon_timeseries,ACORN-F,2014-01-17,10.744698075089143
autogluon_timeseries,ACORN-F,2014-01-18,10.9799465113241
autogluon_timeseries,ACORN-F,2014-01-19,11.348301271917412
autogluon_timeseries,ACORN-F,2014-01-20,10.74617928296951
autogluon_timeseries,ACORN-F,2014-01-21,10.629739281057551
autogluon_timeseries,ACORN-F,2014-01-22,10.42637918044888
autogluon_timeseries,ACORN-F,2014-01-23,10.771577452514157
autogluon_timeseries,ACORN-F,2014-01-24,10.733862904182516
autogluon_timeseries,ACORN-F,2014-01-25,10.731077276494856
autogluon_timeseries,ACORN-F,2014-01-26,11.448455120163228
autogluon_timeseries,ACORN-F,2014-01-27,11.001031629368612
autogluon_timeseries,ACORN-F,2014-01-28,10.680915881491494
autogluon_timeseries,ACORN-F,2014-01-29,10.99507455428627
autogluon_timeseries,ACORN-F,2014-01-30,10.68031910205567
autogluon_timeseries,ACORN-F,2014-01-31,10.838491109321115
autogluon_timeseries,ACORN-F,2014-02-01,11.011608479735902
autogluon_timeseries,ACORN-F,2014-02-02,11.22839991227005
autogluon_timeseries,ACORN-F,2014-02-03,10.658974601769074
autogluon_timeseries,ACORN-F,2014-02-04,10.584115278794712
autogluon_timeseries,ACORN-F,2014-02-05,10.526722273733323
autogluon_timeseries,ACORN-F,2014-02-06,10.540165124336976
autogluon_timeseries,ACORN-F,2014-02-07,10.741444763688005
autogluon_timeseries,ACORN-F,2014-02-08,11.00965646287655
autogluon_timeseries,ACORN-F,2014-02-09,11.603957349526103
autogluon_timeseries,ACORN-F,2014-02-10,10.582387125255964
autogluon_timeseries,ACORN-F,2014-02-11,10.724559818557802
autogluon_timeseries,ACORN-F,2014-02-12,10.920162527770144
autogluon_timeseries,ACORN-F,2014-02-13,10.79015710408822
autogluon_timeseries,ACORN-Q,2014-01-13,8.305301315860895
autogluon_timeseries,ACORN-Q,2014-01-14,8.50790626140995
autogluon_timeseries,ACORN-Q,2014-01-15,8.349689867647538
autogluon_timeseries,ACORN-Q,2014-01-16,8.306515094507041
autogluon_timeseries,ACORN-Q,2014-01-17,8.357666673337139
autogluon_timeseries,ACORN-Q,2014-01-18,8.619289840704239
autogluon_timeseries,ACORN-Q,2014-01-19,8.890303992636358
autogluon_timeseries,ACORN-Q,2014-01-20,8.405640156809294
autogluon_timeseries,ACORN-Q,2014-01-21,8.355663497432515
autogluon_timeseries,ACORN-Q,2014-01-22,8.235728873725629
autogluon_timeseries,ACORN-Q,2014-01-23,8.397700430770893
autogluon_timeseries,ACORN-Q,2014-01-24,8.395079570264205
autogluon_timeseries,ACORN-Q,2014-01-25,8.474893980166016
autogluon_timeseries,ACORN-Q,2014-01-26,8.915516324108596
autogluon_timeseries,ACORN-Q,2014-01-27,8.601731922438404
autogluon_timeseries,ACORN-Q,2014-01-28,8.418681537154573
autogluon_timeseries,ACORN-Q,2014-01-29,8.642024488528314
autogluon_timeseries,ACORN-Q,2014-01-30,8.380053079895234
autogluon_timeseries,ACORN-Q,2014-01-31,8.440885963466215
autogluon_timeseries,ACORN-Q,2014-02-01,8.656888803278761
autogluon_timeseries,ACORN-Q,2014-02-02,8.784729680542306
autogluon_timeseries,ACORN-Q,2014-02-03,8.331534704245646
autogluon_timeseries,ACORN-Q,2014-02-04,8.327765485547054
autogluon_timeseries,ACORN-Q,2014-02-05,8.313816953344732
autogluon_timeseries,ACORN-Q,2014-02-06,8.25594962807887
autogluon_timeseries,ACORN-Q,2014-02-07,8.376095640264266
autogluon_timeseries,ACORN-Q,2014-02-08,8.643353778054337
autogluon_timeseries,ACORN-Q,2014-02-09,9.07165575522438
autogluon_timeseries,ACORN-Q,2014-02-10,8.336139187360184
autogluon_timeseries,ACORN-Q,2014-02-11,8.426651633541665
autogluon_timeseries,ACORN-Q,2014-02-12,8.512898302085635
autogluon_timeseries,ACORN-Q,2014-02-13,8.421586708899147
